{"cameraMode":{"drawMode":0,"name":"Shaded","section":"Shading Mode"},"sceneLighting":true,"audioPlay":false,"sceneViewState":{"m_AlwaysRefresh":false,"showFog":true,"showSkybox":true,"showFlares":true,"showImageEffects":true,"showParticleSystems":true,"showVisualEffectGraphs":true,"m_FxEnabled":true},"in2DMode":false,"pivot":{"x":-43.905120849609378,"y":21.537330627441408,"z":39.040870666503909},"rotation":{"x":-0.037088435143232349,"y":-0.4688096046447754,"z":-0.019684715196490289,"w":0.8823239207267761},"size":32.66123962402344,"orthographic":false}