{"cameraMode":{"drawMode":0,"name":"Shaded","section":"Shading Mode"},"sceneLighting":false,"audioPlay":false,"sceneViewState":{"m_AlwaysRefresh":false,"showFog":true,"showSkybox":false,"showFlares":true,"showImageEffects":true,"showParticleSystems":true,"showVisualEffectGraphs":true,"m_FxEnabled":true},"in2DMode":false,"pivot":{"x":-0.13000011444091798,"y":0.27538788318634035,"z":-0.14712858200073243},"rotation":{"x":0.2867244482040405,"y":0.405849814414978,"z":-0.13576187193393708,"w":0.8571813106536865},"size":11.944502830505371,"orthographic":false}